Workbook

Sheet Сводка
A1: Сводка
A2: Трекер финансовой независимости — живые формулы
A3: Месяцев до цели | B3: Целевая сумма | C3: Вклад в месяц | D3: Нужно добрать
A4: Лет до цели | B4: Сбережено сейчас | C4: Доходность | D4: Доля накоплений
A5: =IF(IF('План'!$B$3>='План'!$B$2,0,MATCH(0,'Журнал'!$F$2:$F$601,0))="",0,ROUND(IF('План'!$B$3>='План'!$B$2,0,MATCH(0,'Журнал'!$F$2:$F$601,0))/12,1)) | B5: ='План'!$B$3 | C5: ='План'!$B$7 | D5: =IF('План'!$B$2=0,0,'План'!$B$3/'План'!$B$2)

Sheet План
A1: Параметры
A2: Синие ячейки — твой ввод
A3: Уже сбережено | B3: 0
A4: Доход в месяц | B4: 150000
A5: Расходы в месяц | B5: 90000
A6: Вклад в накопления (ежемесячно) | B6: 60000
A7: Доходность вложений (% годовых) | B7: 12
A9: Месячная ставка | B9: =(1+'План'!$B$7)^(1/12)-1
A10: Месяцев до цели | B10: см. Сводка

Sheet Журнал
A1: Месяц | B1: Накопления (начало) | C1: + Вклад | D1: + Доход от инвестиций | E1: = Накопления (конец) | F1: До цели осталось
A2: 1 | B2: ='План'!$B$3 | C2: =IF('Журнал'!$B2="","",'План'!$B$6) | D2: =IF('Журнал'!$B2="","",('Журнал'!$B2+'Журнал'!$C2)*'План'!$B$9) | E2: =IF('Журнал'!$B2="","",'Журнал'!$B2+'Журнал'!$C2+'Журнал'!$D2) | F2: =IF('Журнал'!$E2="","",MAX(0,'План'!$B$2-'Журнал'!$E2))
A3: 2 | B3: =IF('Журнал'!$E2="","",'Журнал'!$E2) | C3: =IF('Журнал'!$B3="","",'План'!$B$6) | D3: =IF('Журнал'!$B3="","",('Журнал'!$B3+'Журнал'!$C3)*'План'!$B$9) | E3: =IF('Журнал'!$B3="","",'Журнал'!$B3+'Журнал'!$C3+'Журнал'!$D3) | F3: =IF('Журнал'!$E3="","",MAX(0,'План'!$B$2-'Журнал'!$E3))
A4: 3 | B4: =IF('Журнал'!$E3="","",'Журнал'!$E3) | C4: =IF('Журнал'!$B4="","",'План'!$B$6) | D4: =IF('Журнал'!$B4="","",('Журнал'!$B4+'Журнал'!$C4)*'План'!$B$9) | E4: =IF('Журнал'!$B4="","",'Журнал'!$B4+'Журнал'!$C4+'Журнал'!$D4) | F4: =IF('Журнал'!$E4="","",MAX(0,'План'!$B$2-'Журнал'!$E4))
A5: 4 | B5: =IF('Журнал'!$E4="","",'Журнал'!$E4) | C5: =IF('Журнал'!$B5="","",'План'!$B$6) | D5: =IF('Журнал'!$B5="","",('Журнал'!$B5+'Журнал'!$C5)*'План'!$B$9) | E5: =IF('Журнал'!$B5="","",'Журнал'!$B5+'Журнал'!$C5+'Журнал'!$D5) | F5: =IF('Журнал'!$E5="","",MAX(0,'План'!$B$2-'Журнал'!$E5))
A6: 5 | B6: =IF('Журнал'!$E5="","",'Журнал'!$E5) | C6: =IF('Журнал'!$B6="","",'План'!$B$6) | D6: =IF('Журнал'!$B6="","",('Журнал'!$B6+'Журнал'!$C6)*'План'!$B$9) | E6: =IF('Журнал'!$B6="","",'Журнал'!$B6+'Журнал'!$C6+'Журнал'!$D6) | F6: =IF('Журнал'!$E6="","",MAX(0,'План'!$B$2-'Журнал'!$E6))
A7: 6 | B7: =IF('Журнал'!$E6="","",'Журнал'!$E6) | C7: =IF('Журнал'!$B7="","",'План'!$B$6) | D7: =IF('Журнал'!$B7="","",('Журнал'!$B7+'Журнал'!$C7)*'План'!$B$9) | E7: =IF('Журнал'!$B7="","",'Журнал'!$B7+'Журнал'!$C7+'Журнал'!$D7) | F7: =IF('Журнал'!$E7="","",MAX(0,'План'!$B$2-'Журнал'!$E7))
A8: 7 | B8: =IF('Журнал'!$E7="","",'Журнал'!$E7) | C8: =IF('Журнал'!$B8="","",'План'!$B$6) | D8: =IF('Журнал'!$B8="","",('Журнал'!$B8+'Журнал'!$C8)*'План'!$B$9) | E8: =IF('Журнал'!$B8="","",'Журнал'!$B8+'Журнал'!$C8+'Журнал'!$D8) | F8: =IF('Журнал'!$E8="","",MAX(0,'План'!$B$2-'Журнал'!$E8))
A9: 8 | B9: =IF('Журнал'!$E8="","",'Журнал'!$E8) | C9: =IF('Журнал'!$B9="","",'План'!$B$6) | D9: =IF('Журнал'!$B9="","",('Журнал'!$B9+'Журнал'!$C9)*'План'!$B$9) | E9: =IF('Журнал'!$B9="","",'Журнал'!$B9+'Журнал'!$C9+'Журнал'!$D9) | F9: =IF('Журнал'!$E9="","",MAX(0,'План'!$B$2-'Журнал'!$E9))
A10: 9 | B10: =IF('Журнал'!$E9="","",'Журнал'!$E9) | C10: =IF('Журнал'!$B10="","",'План'!$B$6) | D10: =IF('Журнал'!$B10="","",('Журнал'!$B10+'Журнал'!$C10)*'План'!$B$9) | E10: =IF('Журнал'!$B10="","",'Журнал'!$B10+'Журнал'!$C10+'Журнал'!$D10) | F10: =IF('Журнал'!$E10="","",MAX(0,'План'!$B$2-'Журнал'!$E10))
A11: 10 | B11: =IF('Журнал'!$E10="","",'Журнал'!$E10) | C11: =IF('Журнал'!$B11="","",'План'!$B$6) | D11: =IF('Журнал'!$B11="","",('Журнал'!$B11+'Журнал'!$C11)*'План'!$B$9) | E11: =IF('Журнал'!$B11="","",'Журнал'!$B11+'Журнал'!$C11+'Журнал'!$D11) | F11: =IF('Журнал'!$E11="","",MAX(0,'План'!$B$2-'Журнал'!$E11))
A12: 11 | B12: =IF('Журнал'!$E11="","",'Журнал'!$E11) | C12: =IF('Журнал'!$B12="","",'План'!$B$6) | D12: =IF('Журнал'!$B12="","",('Журнал'!$B12+'Журнал'!$C12)*'План'!$B$9) | E12: =IF('Журнал'!$B12="","",'Журнал'!$B12+'Журнал'!$C12+'Журнал'!$D12) | F12: =IF('Журнал'!$E12="","",MAX(0,'План'!$B$2-'Журнал'!$E12))
A13: 12 | B13: =IF('Журнал'!$E12="","",'Журнал'!$E12) | C13: =IF('Журнал'!$B13="","",'План'!$B$6) | D13: =IF('Журнал'!$B13="","",('Журнал'!$B13+'Журнал'!$C13)*'План'!$B$9) | E13: =IF('Журнал'!$B13="","",'Журнал'!$B13+'Журнал'!$C13+'Журнал'!$D13) | F13: =IF('Журнал'!$E13="","",MAX(0,'План'!$B$2-'Журнал'!$E13))
A14: 13 | B14: =IF('Журнал'!$E13="","",'Журнал'!$E13) | C14: =IF('Журнал'!$B14="","",'План'!$B$6) | D14: =IF('Журнал'!$B14="","",('Журнал'!$B14+'Журнал'!$C14)*'План'!$B$9) | E14: =IF('Журнал'!$B14="","",'Журнал'!$B14+'Журнал'!$C14+'Журнал'!$D14) | F14: =IF('Журнал'!$E14="","",MAX(0,'План'!$B$2-'Журнал'!$E14))
... A601: 600 | B601: =IF('Журнал'!$E600="","",'Журнал'!$E600) | C601: =IF('Журнал'!$B601="","",'План'!$B$6) | D601: =IF('Журнал'!$B601="","",('Журнал'!$B601+'Журнал'!$C601)*'План'!$B$9) | E601: =IF('Журнал'!$B601="","",'Журнал'!$B601+'Журнал'!$C601+'Журнал'!$D601) | F601: =IF('Журнал'!$E601="","",MAX(0,'План'!$B$2-'Журнал'!$E601))

Sheet Справочники
A1: Валюта | B1: Период | C1: Доходность
A2: ₽ | B2: месяц | C2: 12% годовых
